time,s1,s2
19.0,82.69595142559253,17.304048574407517
40.0,67.03199347336532,32.968006526634724
61.0,54.33501410280406,45.664985897195976
82.0,44.043102948419,55.95689705158104
